{
  "metadata" : [
    [
      31,
      "iJO1366.Central_metabolism",
      "KBaseFBA.EscherMap-2.0",
      "2021-06-22T23:44:10+0000",
      1,
      "filipeliu",
      56171,
      "filipeliu:narrative_1582257065401",
      "77b8cb1d69c78faaf6d54ece2fadcc6b",
      376571,
      { }
    ]
  ],
  "provenance" : [
    {
      "copy_source_inaccessible" : null,
      "created" : "2021-06-22T23:44:09+0000",
      "creator" : "filipeliu",
      "extracted_ids" : null,
      "info" : [
        31,
        "iJO1366.Central_metabolism",
        "KBaseFBA.EscherMap-2.0",
        "2021-06-22T23:44:10+0000",
        1,
        "filipeliu",
        56171,
        "filipeliu:narrative_1582257065401",
        "77b8cb1d69c78faaf6d54ece2fadcc6b",
        376571,
        { }
      ],
      "provenance" : [
        {
          "custom" : { },
          "description" : "KBase SDK method run via the KBase Execution Engine",
          "epoch" : 1624405438000,
          "external_data" : [ ],
          "input_ws_objects" : [ ],
          "method" : "import_eschermap_from_staging",
          "method_params" : [
            {
              "escher_map_name" : "iJO1366.Central_metabolism",
              "staging_file_subdir_path" : "iJO1366.Central metabolism.json",
              "workspace_id" : 56171
            }
          ],
          "resolved_ws_objects" : [ ],
          "service" : "kb_uploadmethods",
          "service_ver" : "86bf252c38a7895396ec2b85a1fb67d322f1da6e",
          "subactions" : [
            {
              "code_url" : "https://github.com/kbaseapps/kb_uploadmethods",
              "commit" : "86bf252c38a7895396ec2b85a1fb67d322f1da6e",
              "name" : "kb_uploadmethods",
              "ver" : "86bf252c38a7895396ec2b85a1fb67d322f1da6e"
            },
            {
              "code_url" : "https://github.com/kbaseapps/DataFileUtil",
              "commit" : "df0bb6568008983c1daf6966cf8cebf54f0a0d80",
              "name" : "DataFileUtil",
              "ver" : "release"
            }
          ],
          "time" : "2021-06-22T23:43:58+0000"
        }
      ],
      "refs" : [ ]
    }
  ]
}